,argument,ph,lof,svm
0,"('tomato', 26)",1.0,0.96,1.0
1,"('tomato', 27)",1.0,0.96,1.0
2,"('tomato', 30)",1.0,0.96,1.0
3,"('tomato', 20)",0.97,0.96,1.0
4,"('tomato', 21)",0.97,0.96,1.0
5,"('tomato', 22)",0.97,0.96,1.0
6,"('tomato', 23)",0.97,0.96,1.0
7,"('tomato', 24)",0.97,0.96,1.0
8,"('tomato', 25)",0.97,0.96,1.0
9,"('tomato', 31)",0.97,0.96,1.0
10,"('tomato', 15)",0.9650000000000001,0.96,1.0
11,"('tomato', 32)",0.96,0.96,1.0
12,"('tomato', 14)",0.95,0.96,1.0
13,"('tomato', 16)",0.935,0.96,1.0
14,"('tomato', 18)",0.935,0.96,1.0
15,"('tomato', 19)",0.925,0.96,1.0
16,"('tomato', 17)",0.915,0.96,1.0
17,"('tomato', 28)",0.91,0.96,1.0
18,"('tomato', 29)",0.9099999999999999,0.96,1.0
19,"('tomato', 35)",0.9099999999999999,0.96,1.0
20,"('tomato', 36)",0.9099999999999999,0.96,1.0
21,"('tomato', 37)",0.9099999999999999,0.96,1.0
22,"('tomato', 13)",0.89,0.96,1.0
23,"('tomato', 34)",0.88,0.96,1.0
24,"('tomato', 38)",0.8799999999999999,0.96,1.0
25,"('tomato', 11)",0.8600000000000001,0.96,1.0
26,"('tomato', 33)",0.86,0.96,1.0
27,"('tomato', 10)",0.81,0.96,1.0
28,"('tomato', 9)",0.72,0.96,1.0
29,"('tomato', 8)",0.67,0.96,1.0
30,"('tomato', 12)",0.49,0.96,1.0
