,argument,ph,lof,svm
0,"('kmeans', 8)",1.0,0.96,1.0
1,"('kmeans', 9)",1.0,0.96,1.0
2,"('kmeans', 10)",1.0,0.96,1.0
3,"('kmeans', 11)",1.0,0.96,1.0
4,"('kmeans', 13)",1.0,0.96,1.0
5,"('kmeans', 14)",1.0,0.96,1.0
6,"('kmeans', 15)",1.0,0.96,1.0
7,"('kmeans', 16)",1.0,0.96,1.0
8,"('kmeans', 17)",1.0,0.96,1.0
9,"('kmeans', 34)",0.99,0.96,1.0
10,"('kmeans', 24)",0.97,0.96,1.0
11,"('kmeans', 26)",0.97,0.96,1.0
12,"('kmeans', 27)",0.965,0.96,1.0
13,"('kmeans', 38)",0.96,0.96,1.0
14,"('kmeans', 36)",0.955,0.96,1.0
15,"('kmeans', 20)",0.9450000000000001,0.96,1.0
16,"('kmeans', 35)",0.9249999999999999,0.96,1.0
17,"('kmeans', 23)",0.88,0.96,1.0
18,"('kmeans', 12)",0.8699999999999999,0.96,1.0
19,"('kmeans', 28)",0.865,0.96,1.0
20,"('kmeans', 37)",0.8400000000000001,0.96,1.0
21,"('kmeans', 29)",0.84,0.96,1.0
22,"('kmeans', 31)",0.835,0.96,1.0
23,"('kmeans', 32)",0.835,0.96,1.0
24,"('kmeans', 33)",0.83,0.96,1.0
25,"('kmeans', 30)",0.81,0.96,1.0
26,"('kmeans', 19)",0.8049999999999999,0.96,1.0
27,"('kmeans', 18)",0.7899999999999999,0.96,1.0
28,"('kmeans', 22)",0.775,0.96,1.0
29,"('kmeans', 25)",0.775,0.96,1.0
30,"('kmeans', 21)",0.76,0.96,1.0
