,argument,ph,lof,svm
0,"('spectral', 12)",1.0,0.96,1.0
1,"('spectral', 14)",1.0,0.96,1.0
2,"('spectral', 20)",1.0,0.96,1.0
3,"('spectral', 24)",1.0,0.96,1.0
4,"('spectral', 26)",1.0,0.96,1.0
5,"('spectral', 28)",1.0,0.96,1.0
6,"('spectral', 29)",1.0,0.96,1.0
7,"('spectral', 13)",0.99,0.96,1.0
8,"('spectral', 19)",0.99,0.96,1.0
9,"('spectral', 10)",0.9800000000000001,0.96,1.0
10,"('spectral', 27)",0.98,0.96,1.0
11,"('spectral', 18)",0.9750000000000001,0.96,1.0
12,"('spectral', 30)",0.9700000000000001,0.96,1.0
13,"('spectral', 15)",0.9600000000000001,0.96,1.0
14,"('spectral', 17)",0.9500000000000002,0.96,1.0
15,"('spectral', 16)",0.9500000000000001,0.96,1.0
16,"('spectral', 25)",0.9500000000000001,0.96,1.0
17,"('spectral', 11)",0.95,0.96,1.0
18,"('spectral', 21)",0.93,0.96,1.0
19,"('spectral', 22)",0.925,0.96,1.0
20,"('spectral', 9)",0.9200000000000002,0.96,1.0
21,"('spectral', 31)",0.88,0.96,1.0
22,"('spectral', 38)",0.88,0.96,1.0
23,"('spectral', 33)",0.86,0.96,1.0
24,"('spectral', 34)",0.85,0.96,1.0
25,"('spectral', 37)",0.85,0.96,1.0
26,"('spectral', 23)",0.84,0.96,1.0
27,"('spectral', 8)",0.82,0.96,1.0
28,"('spectral', 36)",0.805,0.96,1.0
29,"('spectral', 32)",0.8,0.96,1.0
30,"('spectral', 35)",0.7949999999999999,0.96,1.0
